<?xml version="1.0" encoding="UTF-8"?><idempiere Name="EDI" Version="1.0.3" idempiereVersion="" DataBaseVersion="" Description="" Author="" AuthorEmail="" CreatedDate="2021-06-07 12:54:34.364" UpdatedDate="2021-06-07 12:54:34.364" PackOutVersion="100" UpdateDictionary="false" Client="0-SYSTEM-System" AD_Client_UU="11237b53-9592-4af1-b3c5-afd216514b5d">
    <AD_Reference type="table">
        <AD_Client_ID>0</AD_Client_ID>
        <AD_Org_ID>0</AD_Org_ID>
        <Name>EDI_SectionGroup</Name>
        <Description>EDI Section List</Description>
        <Help/>
        <ValidationType>L</ValidationType>
        <AD_Org_ID reference="id">0</AD_Org_ID>
        <IsActive>Y</IsActive>
        <VFormat/>
        <EntityType>BAY</EntityType>
        <IsOrderByValue>N</IsOrderByValue>
        <AD_Reference_UU>f5014cf4-9f73-4e09-a6ef-db9e04eb60e0</AD_Reference_UU>
        <AD_Element_ID reference="id"/>
        <AD_Reference_Trl type="translation">
            <Description>EDI Section List</Description>
            <Help/>
            <Name>EDI_Section</Name>
            <AD_Language>de_DE</AD_Language>
            <IsActive>Y</IsActive>
            <IsTranslated>N</IsTranslated>
        </AD_Reference_Trl>
        <AD_Ref_List type="table">
            <AD_Client_ID>0</AD_Client_ID>
            <AD_Org_ID>0</AD_Org_ID>
            <Name>Interchange Header</Name>
            <Description/>
            <AD_Reference_ID reference="uuid" reference-key="AD_Reference">f5014cf4-9f73-4e09-a6ef-db9e04eb60e0</AD_Reference_ID>
            <ValidFrom/>
            <ValidTo/>
            <Value>M</Value>
            <AD_Org_ID reference="id">0</AD_Org_ID>
            <IsActive>Y</IsActive>
            <EntityType>BAY</EntityType>
            <AD_Ref_List_UU>68d2d37a-61bd-43d3-b057-a5df1bcf09c3</AD_Ref_List_UU>
            <AD_Ref_List_Trl type="translation">
                <Description/>
                <Name>Message Header</Name>
                <AD_Language>de_DE</AD_Language>
                <IsActive>Y</IsActive>
                <IsTranslated>N</IsTranslated>
            </AD_Ref_List_Trl>
        </AD_Ref_List>
        <AD_Ref_List type="table">
            <AD_Client_ID>0</AD_Client_ID>
            <AD_Org_ID>0</AD_Org_ID>
            <Name>Interchange Trailer</Name>
            <Description/>
            <AD_Reference_ID reference="uuid" reference-key="AD_Reference">f5014cf4-9f73-4e09-a6ef-db9e04eb60e0</AD_Reference_ID>
            <ValidFrom/>
            <ValidTo/>
            <Value>F</Value>
            <AD_Org_ID reference="id">0</AD_Org_ID>
            <IsActive>Y</IsActive>
            <EntityType>BAY</EntityType>
            <AD_Ref_List_UU>46cfa221-f824-4317-8e4c-e7943409eecb</AD_Ref_List_UU>
            <AD_Ref_List_Trl type="translation">
                <Description/>
                <Name>Message Footer</Name>
                <AD_Language>de_DE</AD_Language>
                <IsActive>Y</IsActive>
                <IsTranslated>N</IsTranslated>
            </AD_Ref_List_Trl>
        </AD_Ref_List>
        <AD_Ref_List type="table">
            <AD_Client_ID>0</AD_Client_ID>
            <AD_Org_ID>0</AD_Org_ID>
            <Name>Message Header</Name>
            <Description/>
            <AD_Reference_ID reference="uuid" reference-key="AD_Reference">f5014cf4-9f73-4e09-a6ef-db9e04eb60e0</AD_Reference_ID>
            <ValidFrom/>
            <ValidTo/>
            <Value>H</Value>
            <AD_Org_ID reference="id">0</AD_Org_ID>
            <IsActive>Y</IsActive>
            <EntityType>BAY</EntityType>
            <AD_Ref_List_UU>e78dd764-f7ba-438b-a22f-14dc8eba9b82</AD_Ref_List_UU>
            <AD_Ref_List_Trl type="translation">
                <Description/>
                <Name>Heading Section</Name>
                <AD_Language>de_DE</AD_Language>
                <IsActive>Y</IsActive>
                <IsTranslated>N</IsTranslated>
            </AD_Ref_List_Trl>
        </AD_Ref_List>
        <AD_Ref_List type="table">
            <AD_Client_ID>0</AD_Client_ID>
            <AD_Org_ID>0</AD_Org_ID>
            <Name>Message Detail</Name>
            <Description/>
            <AD_Reference_ID reference="uuid" reference-key="AD_Reference">f5014cf4-9f73-4e09-a6ef-db9e04eb60e0</AD_Reference_ID>
            <ValidFrom/>
            <ValidTo/>
            <Value>D</Value>
            <AD_Org_ID reference="id">0</AD_Org_ID>
            <IsActive>Y</IsActive>
            <EntityType>BAY</EntityType>
            <AD_Ref_List_UU>4d56d565-344a-4043-a144-53d7e855e90c</AD_Ref_List_UU>
            <AD_Ref_List_Trl type="translation">
                <Description/>
                <Name>Detail Section</Name>
                <AD_Language>de_DE</AD_Language>
                <IsActive>Y</IsActive>
                <IsTranslated>N</IsTranslated>
            </AD_Ref_List_Trl>
        </AD_Ref_List>
        <AD_Ref_List type="table">
            <AD_Client_ID>0</AD_Client_ID>
            <AD_Org_ID>0</AD_Org_ID>
            <Name>Message Summary</Name>
            <Description/>
            <AD_Reference_ID reference="uuid" reference-key="AD_Reference">f5014cf4-9f73-4e09-a6ef-db9e04eb60e0</AD_Reference_ID>
            <ValidFrom/>
            <ValidTo/>
            <Value>S</Value>
            <AD_Org_ID reference="id">0</AD_Org_ID>
            <IsActive>Y</IsActive>
            <EntityType>BAY</EntityType>
            <AD_Ref_List_UU>0f8d0f20-a309-4fa7-b3f9-9349b7c17715</AD_Ref_List_UU>
            <AD_Ref_List_Trl type="translation">
                <Description/>
                <Name>Summary Section</Name>
                <AD_Language>de_DE</AD_Language>
                <IsActive>Y</IsActive>
                <IsTranslated>N</IsTranslated>
            </AD_Ref_List_Trl>
        </AD_Ref_List>
    </AD_Reference>
    <AD_Menu type="table">
        <SeqNo>28</SeqNo>
        <AD_Client_ID>0</AD_Client_ID>
        <AD_Org_ID>0</AD_Org_ID>
        <Name>EDI Document</Name>
        <Description/>
        <Action/>
        <AD_Window_ID reference="id"/>
        <AD_Workflow_ID reference="id"/>
        <AD_Task_ID reference="id"/>
        <AD_Org_ID reference="id">0</AD_Org_ID>
        <IsActive>Y</IsActive>
        <IsSummary>Y</IsSummary>
        <AD_Process_ID reference="id"/>
        <IsSOTrx>Y</IsSOTrx>
        <AD_Form_ID reference="id"/>
        <IsReadOnly>N</IsReadOnly>
        <EntityType>BAY</EntityType>
        <IsCentrallyMaintained>N</IsCentrallyMaintained>
        <AD_Menu_UU>4b2e1f6c-9a8a-4fc3-9629-7ac6f3f80d4d</AD_Menu_UU>
        <AD_InfoWindow_ID reference="id"/>
        <PredefinedContextVariables/>
        <AD_Menu_Trl type="translation">
            <Description/>
            <Name>EDI Document</Name>
            <AD_Language>de_DE</AD_Language>
            <IsActive>Y</IsActive>
            <IsTranslated>N</IsTranslated>
        </AD_Menu_Trl>
        <AD_Menu type="table">
            <Parent_ID reference="uuid" reference-key="AD_Menu">4b2e1f6c-9a8a-4fc3-9629-7ac6f3f80d4d</Parent_ID>
            <SeqNo>0</SeqNo>
            <AD_Client_ID>0</AD_Client_ID>
            <AD_Org_ID>0</AD_Org_ID>
            <Name>Generate EDI Invoices</Name>
            <Description/>
            <Action>P</Action>
            <AD_Window_ID reference="id"/>
            <AD_Workflow_ID reference="id"/>
            <AD_Task_ID reference="id"/>
            <AD_Org_ID reference="id">0</AD_Org_ID>
            <IsActive>Y</IsActive>
            <IsSummary>N</IsSummary>
            <AD_Process_ID reference="uuid" reference-key="AD_Process">54203c6b-542f-4373-8585-ea5bbbad7c18</AD_Process_ID>
            <IsSOTrx>Y</IsSOTrx>
            <AD_Form_ID reference="id"/>
            <IsReadOnly>N</IsReadOnly>
            <EntityType>BAY</EntityType>
            <IsCentrallyMaintained>Y</IsCentrallyMaintained>
            <AD_Menu_UU>8768bd99-375b-4b26-9d6d-d0320dcbf1ea</AD_Menu_UU>
            <AD_InfoWindow_ID reference="id"/>
            <PredefinedContextVariables/>
            <AD_Process type="table">
                <AD_Client_ID>0</AD_Client_ID>
                <AD_Org_ID>0</AD_Org_ID>
                <AD_Org_ID reference="id">0</AD_Org_ID>
                <IsActive>Y</IsActive>
                <Name>Generate EDI Invoices</Name>
                <Description/>
                <Help/>
                <ProcedureName/>
                <IsReport>N</IsReport>
                <Value>GenerateEDIInvoices</Value>
                <IsDirectPrint>N</IsDirectPrint>
                <AD_ReportView_ID reference="id"/>
                <Classname>de.bxservice.edi.process.GenerateEDIInvoices</Classname>
                <AccessLevel>3</AccessLevel>
                <EntityType>BAY</EntityType>
                <Statistic_Count>6</Statistic_Count>
                <Statistic_Seconds>6</Statistic_Seconds>
                <AD_PrintFormat_ID reference="id"/>
                <WorkflowValue/>
                <AD_Workflow_ID reference="id"/>
                <IsBetaFunctionality>N</IsBetaFunctionality>
                <ShowHelp>Y</ShowHelp>
                <JasperReport/>
                <AD_Form_ID reference="id"/>
                <CopyFromProcess>N</CopyFromProcess>
                <AD_Process_UU>54203c6b-542f-4373-8585-ea5bbbad7c18</AD_Process_UU>
                <AD_CtxHelp_ID reference="id"/>
                <ExecutionType/>
                <AllowMultipleExecution>P</AllowMultipleExecution>
                <AD_Process_Trl type="translation">
                    <Description/>
                    <Help/>
                    <Name>Generate EDI Invoices</Name>
                    <AD_Language>de_DE</AD_Language>
                    <IsActive>Y</IsActive>
                    <IsTranslated>N</IsTranslated>
                </AD_Process_Trl>
                <AD_Process_Para type="table">
                    <AD_Client_ID>0</AD_Client_ID>
                    <AD_Org_ID>0</AD_Org_ID>
                    <AD_Org_ID reference="id">0</AD_Org_ID>
                    <IsActive>Y</IsActive>
                    <Name>Business Partner </Name>
                    <Description>Identifies a Business Partner</Description>
                    <Help>A Business Partner is anyone with whom you transact.  This can include Vendor, Customer, Employee or Salesperson</Help>
                    <AD_Process_ID reference="uuid" reference-key="AD_Process">54203c6b-542f-4373-8585-ea5bbbad7c18</AD_Process_ID>
                    <SeqNo>10</SeqNo>
                    <AD_Reference_ID reference="id">30</AD_Reference_ID>
                    <AD_Reference_Value_ID reference="id"/>
                    <IsRange>N</IsRange>
                    <AD_Val_Rule_ID reference="id"/>
                    <FieldLength>0</FieldLength>
                    <IsMandatory>Y</IsMandatory>
                    <DefaultValue/>
                    <VFormat/>
                    <ValueMin/>
                    <ValueMax/>
                    <ColumnName>C_BPartner_ID</ColumnName>
                    <DefaultValue2/>
                    <IsCentrallyMaintained>Y</IsCentrallyMaintained>
                    <EntityType>BAY</EntityType>
                    <AD_Element_ID reference="id">187</AD_Element_ID>
                    <ReadOnlyLogic/>
                    <DisplayLogic/>
                    <AD_Process_Para_UU>66fdd1c6-071c-4b43-8144-3580998a42d5</AD_Process_Para_UU>
                    <IsEncrypted>N</IsEncrypted>
                    <MandatoryLogic/>
                    <Placeholder/>
                    <Placeholder2/>
                    <IsAutocomplete>N</IsAutocomplete>
                    <AD_Process_Para_Trl type="translation">
                        <Description>Identifies a Business Partner</Description>
                        <Help>A Business Partner is anyone with whom you transact.  This can include Vendor, Customer, Employee or Salesperson</Help>
                        <Name>Business Partner </Name>
                        <Placeholder/>
                        <Placeholder2/>
                        <AD_Language>de_DE</AD_Language>
                        <IsActive>Y</IsActive>
                        <IsTranslated>N</IsTranslated>
                    </AD_Process_Para_Trl>
                </AD_Process_Para>
                <AD_Process_Para type="table">
                    <AD_Client_ID>0</AD_Client_ID>
                    <AD_Org_ID>0</AD_Org_ID>
                    <AD_Org_ID reference="id">0</AD_Org_ID>
                    <IsActive>Y</IsActive>
                    <Name>Send EMail</Name>
                    <Description>Enable sending Document EMail</Description>
                    <Help>Send emails with document attached (e.g. Invoice, Delivery Note, etc.)</Help>
                    <AD_Process_ID reference="uuid" reference-key="AD_Process">54203c6b-542f-4373-8585-ea5bbbad7c18</AD_Process_ID>
                    <SeqNo>20</SeqNo>
                    <AD_Reference_ID reference="id">20</AD_Reference_ID>
                    <AD_Reference_Value_ID reference="id"/>
                    <IsRange>N</IsRange>
                    <AD_Val_Rule_ID reference="id"/>
                    <FieldLength>1</FieldLength>
                    <IsMandatory>Y</IsMandatory>
                    <DefaultValue>N</DefaultValue>
                    <VFormat/>
                    <ValueMin/>
                    <ValueMax/>
                    <ColumnName>SendEMail</ColumnName>
                    <DefaultValue2/>
                    <IsCentrallyMaintained>Y</IsCentrallyMaintained>
                    <EntityType>BAY</EntityType>
                    <AD_Element_ID reference="id">1978</AD_Element_ID>
                    <ReadOnlyLogic/>
                    <DisplayLogic/>
                    <AD_Process_Para_UU>eeabfdd0-c617-41ed-ac5e-0aceff4f3172</AD_Process_Para_UU>
                    <IsEncrypted>N</IsEncrypted>
                    <MandatoryLogic/>
                    <Placeholder/>
                    <Placeholder2/>
                    <IsAutocomplete>N</IsAutocomplete>
                    <AD_Process_Para_Trl type="translation">
                        <Description>Enable sending Document EMail</Description>
                        <Help>Send emails with document attached (e.g. Invoice, Delivery Note, etc.)</Help>
                        <Name>Send EMail</Name>
                        <Placeholder/>
                        <Placeholder2/>
                        <AD_Language>de_DE</AD_Language>
                        <IsActive>Y</IsActive>
                        <IsTranslated>N</IsTranslated>
                    </AD_Process_Para_Trl>
                </AD_Process_Para>
                <AD_Process_Para type="table">
                    <AD_Client_ID>0</AD_Client_ID>
                    <AD_Org_ID>0</AD_Org_ID>
                    <AD_Org_ID reference="id">0</AD_Org_ID>
                    <IsActive>Y</IsActive>
                    <Name>Mail Template</Name>
                    <Description>Text templates for mailings</Description>
                    <Help>The Mail Template indicates the mail template for return messages. Mail text can include variables.  The priority of parsing is User/Contact, Business Partner and then the underlying business object (like Request, Dunning, Workflow object).&lt;br&gt;
So, @Name@ would resolve into the User name (if user is defined defined), then Business Partner name (if business partner is defined) and then the Name of the business object if it has a Name.&lt;br&gt;
For Multi-Lingual systems, the template is translated based on the Business Partner's language selection.</Help>
                    <AD_Process_ID reference="uuid" reference-key="AD_Process">54203c6b-542f-4373-8585-ea5bbbad7c18</AD_Process_ID>
                    <SeqNo>30</SeqNo>
                    <AD_Reference_ID reference="id">19</AD_Reference_ID>
                    <AD_Reference_Value_ID reference="id"/>
                    <IsRange>N</IsRange>
                    <AD_Val_Rule_ID reference="id"/>
                    <FieldLength>0</FieldLength>
                    <IsMandatory>N</IsMandatory>
                    <DefaultValue/>
                    <VFormat/>
                    <ValueMin/>
                    <ValueMax/>
                    <ColumnName>R_MailText_ID</ColumnName>
                    <DefaultValue2/>
                    <IsCentrallyMaintained>Y</IsCentrallyMaintained>
                    <EntityType>BAY</EntityType>
                    <AD_Element_ID reference="id">1515</AD_Element_ID>
                    <ReadOnlyLogic/>
                    <DisplayLogic>@SendEMail@='Y'</DisplayLogic>
                    <AD_Process_Para_UU>a5d91ac2-9b75-4654-87c9-5dc9ac5f3f41</AD_Process_Para_UU>
                    <IsEncrypted>N</IsEncrypted>
                    <MandatoryLogic>@SendEMail@='Y'</MandatoryLogic>
                    <Placeholder/>
                    <Placeholder2/>
                    <IsAutocomplete>N</IsAutocomplete>
                    <AD_Process_Para_Trl type="translation">
                        <Description>Text templates for mailings</Description>
                        <Help>The Mail Template indicates the mail template for return messages. Mail text can include variables.  The priority of parsing is User/Contact, Business Partner and then the underlying business object (like Request, Dunning, Workflow object).&lt;br&gt;
So, @Name@ would resolve into the User name (if user is defined defined), then Business Partner name (if business partner is defined) and then the Name of the business object if it has a Name.&lt;br&gt;
For Multi-Lingual systems, the template is translated based on the Business Partner's language selection.</Help>
                        <Name>Mail Template</Name>
                        <Placeholder/>
                        <Placeholder2/>
                        <AD_Language>de_DE</AD_Language>
                        <IsActive>Y</IsActive>
                        <IsTranslated>N</IsTranslated>
                    </AD_Process_Para_Trl>
                </AD_Process_Para>
            </AD_Process>
        </AD_Menu>
        <AD_Menu type="table">
            <Parent_ID reference="uuid" reference-key="AD_Menu">4b2e1f6c-9a8a-4fc3-9629-7ac6f3f80d4d</Parent_ID>
            <SeqNo>2</SeqNo>
            <AD_Client_ID>0</AD_Client_ID>
            <AD_Org_ID>0</AD_Org_ID>
            <Name>EDI Document Type</Name>
            <Description/>
            <Action>W</Action>
            <AD_Window_ID reference="uuid" reference-key="AD_Window">2a0f1671-c305-4347-968a-cc7a8eeab834</AD_Window_ID>
            <AD_Workflow_ID reference="id"/>
            <AD_Task_ID reference="id"/>
            <AD_Org_ID reference="id">0</AD_Org_ID>
            <IsActive>Y</IsActive>
            <IsSummary>N</IsSummary>
            <AD_Process_ID reference="id"/>
            <IsSOTrx>Y</IsSOTrx>
            <AD_Form_ID reference="id"/>
            <IsReadOnly>N</IsReadOnly>
            <EntityType>BAY</EntityType>
            <IsCentrallyMaintained>Y</IsCentrallyMaintained>
            <AD_Menu_UU>9972cf60-c595-4f58-8d81-015b4a823049</AD_Menu_UU>
            <AD_InfoWindow_ID reference="id"/>
            <PredefinedContextVariables/>
        </AD_Menu>
        <AD_Menu type="table">
            <Parent_ID reference="uuid" reference-key="AD_Menu">4b2e1f6c-9a8a-4fc3-9629-7ac6f3f80d4d</Parent_ID>
            <SeqNo>1</SeqNo>
            <AD_Client_ID>0</AD_Client_ID>
            <AD_Org_ID>0</AD_Org_ID>
            <Name>EDI Format</Name>
            <Description/>
            <Action>W</Action>
            <AD_Window_ID reference="uuid" reference-key="AD_Window">bc1a4dcc-dbf5-4513-a7ac-ea46ac9cdf36</AD_Window_ID>
            <AD_Workflow_ID reference="id"/>
            <AD_Task_ID reference="id"/>
            <AD_Org_ID reference="id">0</AD_Org_ID>
            <IsActive>Y</IsActive>
            <IsSummary>N</IsSummary>
            <AD_Process_ID reference="id"/>
            <IsSOTrx>Y</IsSOTrx>
            <AD_Form_ID reference="id"/>
            <IsReadOnly>N</IsReadOnly>
            <EntityType>BAY</EntityType>
            <IsCentrallyMaintained>Y</IsCentrallyMaintained>
            <AD_Menu_UU>7c2749c0-ec24-4a4f-8e7f-e5e0ddd4c45a</AD_Menu_UU>
            <AD_InfoWindow_ID reference="id"/>
            <PredefinedContextVariables/>
            <AD_Column type="table">
                <IsSyncDatabase>Y</IsSyncDatabase>
                <AD_Table_ID reference="uuid" reference-key="AD_Table">ba699a5b-21d5-4b45-806f-947aee25ccfc</AD_Table_ID>
                <AD_Reference_Value_ID reference="id"/>
                <AD_Client_ID>0</AD_Client_ID>
                <AD_Org_ID>0</AD_Org_ID>
                <Version>1.00</Version>
                <Name>BXS_EDI_BPartner_UU</Name>
                <Description/>
                <Help/>
                <AD_Val_Rule_ID reference="id"/>
                <ColumnName>BXS_EDI_BPartner_UU</ColumnName>
                <DefaultValue/>
                <FieldLength>36</FieldLength>
                <IsKey>N</IsKey>
                <IsParent>N</IsParent>
                <IsMandatory>N</IsMandatory>
                <IsTranslated>N</IsTranslated>
                <IsIdentifier>N</IsIdentifier>
                <SeqNo/>
                <IsEncrypted>N</IsEncrypted>
                <AD_Reference_ID reference="id">10</AD_Reference_ID>
                <AD_Org_ID reference="id">0</AD_Org_ID>
                <IsActive>Y</IsActive>
                <VFormat/>
                <Callout/>
                <AD_Element_ID reference="uuid" reference-key="AD_Element">287f2f05-4ceb-4bc5-bec2-f8a3ac597668</AD_Element_ID>
                <IsUpdateable>Y</IsUpdateable>
                <AD_Process_ID reference="id"/>
                <ValueMin/>
                <ValueMax/>
                <IsSelectionColumn>N</IsSelectionColumn>
                <ReadOnlyLogic/>
                <EntityType>BAY</EntityType>
                <IsAlwaysUpdateable>N</IsAlwaysUpdateable>
                <ColumnSQL/>
                <MandatoryLogic/>
                <IsAutocomplete>N</IsAutocomplete>
                <IsAllowLogging>Y</IsAllowLogging>
                <FormatPattern/>
                <AD_Chart_ID reference="id"/>
                <AD_Column_UU>eb3db53f-b6e8-49b2-b8f6-e1c2b27660d5</AD_Column_UU>
                <IsAllowCopy>N</IsAllowCopy>
                <SeqNoSelection/>
                <IsToolbarButton>N</IsToolbarButton>
                <IsSecure>N</IsSecure>
                <FKConstraintName/>
                <FKConstraintType>N</FKConstraintType>
                <PA_DashboardContent_ID reference="id"/>
                <Placeholder/>
                <IsHtml>N</IsHtml>
                <AD_Val_Rule_Lookup_ID reference="id"/>
            </AD_Column>
            <AD_Column type="table">
                <IsSyncDatabase>Y</IsSyncDatabase>
                <AD_Table_ID reference="uuid" reference-key="AD_Table">ba699a5b-21d5-4b45-806f-947aee25ccfc</AD_Table_ID>
                <AD_Reference_Value_ID reference="id"/>
                <AD_Client_ID>0</AD_Client_ID>
                <AD_Org_ID>0</AD_Org_ID>
                <Version>0</Version>
                <Name>EDI Format</Name>
                <Description/>
                <Help/>
                <AD_Val_Rule_ID reference="id"/>
                <ColumnName>BXS_EDIFormat_ID</ColumnName>
                <DefaultValue/>
                <FieldLength>22</FieldLength>
                <IsKey>N</IsKey>
                <IsParent>Y</IsParent>
                <IsMandatory>Y</IsMandatory>
                <IsTranslated>N</IsTranslated>
                <IsIdentifier>N</IsIdentifier>
                <SeqNo>0</SeqNo>
                <IsEncrypted>N</IsEncrypted>
                <AD_Reference_ID reference="id">19</AD_Reference_ID>
                <AD_Org_ID reference="id">0</AD_Org_ID>
                <IsActive>Y</IsActive>
                <VFormat/>
                <Callout/>
                <AD_Element_ID reference="uuid" reference-key="AD_Element">aceca0a7-1f1d-47d3-94fe-514636a028b8</AD_Element_ID>
                <IsUpdateable>N</IsUpdateable>
                <AD_Process_ID reference="id"/>
                <ValueMin/>
                <ValueMax/>
                <IsSelectionColumn>N</IsSelectionColumn>
                <ReadOnlyLogic/>
                <EntityType>BAY</EntityType>
                <IsAlwaysUpdateable>N</IsAlwaysUpdateable>
                <ColumnSQL/>
                <MandatoryLogic/>
                <IsAutocomplete>N</IsAutocomplete>
                <IsAllowLogging>Y</IsAllowLogging>
                <FormatPattern/>
                <AD_Chart_ID reference="id"/>
                <AD_Column_UU>277de6d0-88cd-4b6c-b3a3-1811381ab0f3</AD_Column_UU>
                <IsAllowCopy>Y</IsAllowCopy>
                <SeqNoSelection>0</SeqNoSelection>
                <IsToolbarButton>N</IsToolbarButton>
                <IsSecure>N</IsSecure>
                <FKConstraintName>BXSEDIFormat_BXSEDIBPartner</FKConstraintName>
                <FKConstraintType>N</FKConstraintType>
                <PA_DashboardContent_ID reference="id"/>
                <Placeholder/>
                <IsHtml>N</IsHtml>
                <AD_Val_Rule_Lookup_ID reference="id"/>
            </AD_Column>
            <AD_Column type="table">
                <IsSyncDatabase>Y</IsSyncDatabase>
                <AD_Table_ID reference="uuid" reference-key="AD_Table">ba699a5b-21d5-4b45-806f-947aee25ccfc</AD_Table_ID>
                <AD_Reference_Value_ID reference="id"/>
                <AD_Client_ID>0</AD_Client_ID>
                <AD_Org_ID>0</AD_Org_ID>
                <Version>0</Version>
                <Name>Business Partner </Name>
                <Description>Identifies a Business Partner</Description>
                <Help>A Business Partner is anyone with whom you transact.  This can include Vendor, Customer, Employee or Salesperson</Help>
                <AD_Val_Rule_ID reference="id"/>
                <ColumnName>C_BPartner_ID</ColumnName>
                <DefaultValue/>
                <FieldLength>22</FieldLength>
                <IsKey>N</IsKey>
                <IsParent>N</IsParent>
                <IsMandatory>Y</IsMandatory>
                <IsTranslated>N</IsTranslated>
                <IsIdentifier>N</IsIdentifier>
                <SeqNo>0</SeqNo>
                <IsEncrypted>N</IsEncrypted>
                <AD_Reference_ID reference="id">30</AD_Reference_ID>
                <AD_Org_ID reference="id">0</AD_Org_ID>
                <IsActive>Y</IsActive>
                <VFormat/>
                <Callout/>
                <AD_Element_ID reference="id">187</AD_Element_ID>
                <IsUpdateable>N</IsUpdateable>
                <AD_Process_ID reference="id"/>
                <ValueMin/>
                <ValueMax/>
                <IsSelectionColumn>N</IsSelectionColumn>
                <ReadOnlyLogic/>
                <EntityType>BAY</EntityType>
                <IsAlwaysUpdateable>N</IsAlwaysUpdateable>
                <ColumnSQL/>
                <MandatoryLogic/>
                <IsAutocomplete>N</IsAutocomplete>
                <IsAllowLogging>Y</IsAllowLogging>
                <FormatPattern/>
                <AD_Chart_ID reference="id"/>
                <AD_Column_UU>2d273330-f7d1-49fa-b7ce-378561598e56</AD_Column_UU>
                <IsAllowCopy>N</IsAllowCopy>
                <SeqNoSelection>0</SeqNoSelection>
                <IsToolbarButton>N</IsToolbarButton>
                <IsSecure>N</IsSecure>
                <FKConstraintName>CBPartner_BXSEDIBPartner</FKConstraintName>
                <FKConstraintType>N</FKConstraintType>
                <PA_DashboardContent_ID reference="id"/>
                <Placeholder/>
                <IsHtml>N</IsHtml>
                <AD_Val_Rule_Lookup_ID reference="id"/>
            </AD_Column>
            <AD_Column type="table">
                <IsSyncDatabase>Y</IsSyncDatabase>
                <AD_Table_ID reference="uuid" reference-key="AD_Table">ba699a5b-21d5-4b45-806f-947aee25ccfc</AD_Table_ID>
                <AD_Reference_Value_ID reference="id"/>
                <AD_Client_ID>0</AD_Client_ID>
                <AD_Org_ID>0</AD_Org_ID>
                <Version>0</Version>
                <Name>Increment</Name>
                <Description>The number to increment the last document number by</Description>
                <Help>The Increment indicates the number to increment the last document number by to arrive at the next sequence number</Help>
                <AD_Val_Rule_ID reference="id"/>
                <ColumnName>IncrementNo</ColumnName>
                <DefaultValue>1</DefaultValue>
                <FieldLength>22</FieldLength>
                <IsKey>N</IsKey>
                <IsParent>N</IsParent>
                <IsMandatory>N</IsMandatory>
                <IsTranslated>N</IsTranslated>
                <IsIdentifier>N</IsIdentifier>
                <SeqNo>0</SeqNo>
                <IsEncrypted>N</IsEncrypted>
                <AD_Reference_ID reference="id">11</AD_Reference_ID>
                <AD_Org_ID reference="id">0</AD_Org_ID>
                <IsActive>Y</IsActive>
                <VFormat/>
                <Callout/>
                <AD_Element_ID reference="id">334</AD_Element_ID>
                <IsUpdateable>Y</IsUpdateable>
                <AD_Process_ID reference="id"/>
                <ValueMin/>
                <ValueMax/>
                <IsSelectionColumn>N</IsSelectionColumn>
                <ReadOnlyLogic/>
                <EntityType>BAY</EntityType>
                <IsAlwaysUpdateable>N</IsAlwaysUpdateable>
                <ColumnSQL/>
                <MandatoryLogic/>
                <IsAutocomplete>N</IsAutocomplete>
                <IsAllowLogging>Y</IsAllowLogging>
                <FormatPattern/>
                <AD_Chart_ID reference="id"/>
                <AD_Column_UU>5b0aa45a-3abd-4daf-9397-b6dde92bad2b</AD_Column_UU>
                <IsAllowCopy>Y</IsAllowCopy>
                <SeqNoSelection>0</SeqNoSelection>
                <IsToolbarButton>N</IsToolbarButton>
                <IsSecure>N</IsSecure>
                <FKConstraintName/>
                <FKConstraintType>N</FKConstraintType>
                <PA_DashboardContent_ID reference="id"/>
                <Placeholder/>
                <IsHtml>N</IsHtml>
                <AD_Val_Rule_Lookup_ID reference="id"/>
            </AD_Column>
            <AD_Column type="table">
                <IsSyncDatabase>Y</IsSyncDatabase>
                <AD_Table_ID reference="uuid" reference-key="AD_Table">ba699a5b-21d5-4b45-806f-947aee25ccfc</AD_Table_ID>
                <AD_Reference_Value_ID reference="id"/>
                <AD_Client_ID>0</AD_Client_ID>
                <AD_Org_ID>0</AD_Org_ID>
                <Version>0</Version>
                <Name>Current Next</Name>
                <Description>The next number to be used</Description>
                <Help>The Current Next indicates the next number to use for this document</Help>
                <AD_Val_Rule_ID reference="id"/>
                <ColumnName>CurrentNext</ColumnName>
                <DefaultValue>100</DefaultValue>
                <FieldLength>22</FieldLength>
                <IsKey>N</IsKey>
                <IsParent>N</IsParent>
                <IsMandatory>N</IsMandatory>
                <IsTranslated>N</IsTranslated>
                <IsIdentifier>N</IsIdentifier>
                <SeqNo>0</SeqNo>
                <IsEncrypted>N</IsEncrypted>
                <AD_Reference_ID reference="id">11</AD_Reference_ID>
                <AD_Org_ID reference="id">0</AD_Org_ID>
                <IsActive>Y</IsActive>
                <VFormat/>
                <Callout/>
                <AD_Element_ID reference="id">257</AD_Element_ID>
                <IsUpdateable>Y</IsUpdateable>
                <AD_Process_ID reference="id"/>
                <ValueMin/>
                <ValueMax/>
                <IsSelectionColumn>N</IsSelectionColumn>
                <ReadOnlyLogic/>
                <EntityType>BAY</EntityType>
                <IsAlwaysUpdateable>N</IsAlwaysUpdateable>
                <ColumnSQL/>
                <MandatoryLogic/>
                <IsAutocomplete>N</IsAutocomplete>
                <IsAllowLogging>Y</IsAllowLogging>
                <FormatPattern/>
                <AD_Chart_ID reference="id"/>
                <AD_Column_UU>88058f2d-d1f6-478b-9ba0-9ab1696be0e4</AD_Column_UU>
                <IsAllowCopy>Y</IsAllowCopy>
                <SeqNoSelection>0</SeqNoSelection>
                <IsToolbarButton>N</IsToolbarButton>
                <IsSecure>N</IsSecure>
                <FKConstraintName/>
                <FKConstraintType>N</FKConstraintType>
                <PA_DashboardContent_ID reference="id"/>
                <Placeholder/>
                <IsHtml>N</IsHtml>
                <AD_Val_Rule_Lookup_ID reference="id"/>
            </AD_Column>
            <AD_Column type="table">
                <IsSyncDatabase>Y</IsSyncDatabase>
                <AD_Table_ID reference="uuid" reference-key="AD_Table">ba699a5b-21d5-4b45-806f-947aee25ccfc</AD_Table_ID>
                <AD_Reference_Value_ID reference="id"/>
                <AD_Client_ID>0</AD_Client_ID>
                <AD_Org_ID>0</AD_Org_ID>
                <Version>0</Version>
                <Name>Table</Name>
                <Description>Database Table information</Description>
                <Help>The Database Table provides the information of the table definition</Help>
                <AD_Val_Rule_ID reference="id"/>
                <ColumnName>AD_Table_ID</ColumnName>
                <DefaultValue/>
                <FieldLength>10</FieldLength>
                <IsKey>N</IsKey>
                <IsParent>N</IsParent>
                <IsMandatory>N</IsMandatory>
                <IsTranslated>N</IsTranslated>
                <IsIdentifier>N</IsIdentifier>
                <SeqNo>0</SeqNo>
                <IsEncrypted>N</IsEncrypted>
                <AD_Reference_ID reference="id">19</AD_Reference_ID>
                <AD_Org_ID reference="id">0</AD_Org_ID>
                <IsActive>Y</IsActive>
                <VFormat/>
                <Callout/>
                <AD_Element_ID reference="id">126</AD_Element_ID>
                <IsUpdateable>Y</IsUpdateable>
                <AD_Process_ID reference="id"/>
                <ValueMin/>
                <ValueMax/>
                <IsSelectionColumn>N</IsSelectionColumn>
                <ReadOnlyLogic/>
                <EntityType>BAY</EntityType>
                <IsAlwaysUpdateable>N</IsAlwaysUpdateable>
                <ColumnSQL/>
                <MandatoryLogic/>
                <IsAutocomplete>N</IsAutocomplete>
                <IsAllowLogging>Y</IsAllowLogging>
                <FormatPattern/>
                <AD_Chart_ID reference="id"/>
                <AD_Column_UU>4832509f-4cb6-40fa-b06c-92f6d521603d</AD_Column_UU>
                <IsAllowCopy>Y</IsAllowCopy>
                <SeqNoSelection>0</SeqNoSelection>
                <IsToolbarButton>N</IsToolbarButton>
                <IsSecure>N</IsSecure>
                <FKConstraintName>ADTable_BXSEDIBPartner</FKConstraintName>
                <FKConstraintType>N</FKConstraintType>
                <PA_DashboardContent_ID reference="id"/>
                <Placeholder/>
                <IsHtml>N</IsHtml>
                <AD_Val_Rule_Lookup_ID reference="id"/>
            </AD_Column>
        </AD_Menu>
    </AD_Menu>
</idempiere>
